Title,Price
True Elements Berries Mix 30g - Mix of Cranberries & Blueberries  Healthy Snack  Berry Mix  Dried Berries,90.00
Sara Foods Brazil Nuts - 200gm,1050.00
Bhumi Nepal Dried Blueberry-500 g,1700.00
Fox Nuts (Makhana)- 250Gm,260.00
Apricot (Khurpani) 200g,210.00
Crown Dates - 500 Gm,550.00
Bhumi Nepal Dried Cranberry-500 g,1200.00
Harlal's Unique Cashewnuts 200 gm,488.00
Makhana ( Fox Nuts) 250 gm,280.00
Crown Dates Wet - 500Gm Pkt,425.00
Combo -Kaju 200 Gm Pista 200 Gm Badam 200 Gm Kismis 200 gm Okhar Gudi 200 Gm Packet,1799.00
Almonds 500 gm,700.00
Big Choice Cashew Nut Regular 500 gm,945.00
Almond Nuts (Badam)- 1Kg,1485.00
Dry Raisins (Green Kismis) 500g,325.00
Green Raisin Fresh 500Gm,290.00
Almond Nuts 500g,700.00
Walnut 500g,330.00
Walnut (Whole) 500gm,310.00
Pistachio (Pesta) 500g,1100.00
Wallnut 1 Kg  / Okhar / Fresh Walnut - 1kg,660.00
250 Gm- Organics Naturally Dried Whole Cranberries - Dehydrated Fruit,700.00
Makhana 1000g,1000.00
Dates (White) 500gm,200.00
Walnut 500gm,500.00
Peanuts 1kg,250.00
Almond Nuts (Badam)- 1Kg,1650.00
Walnut  Okhar - 1Kg,680.00
Apricot Dry 250Gm / Khurpani 250 gm,340.00
Makhana 500g,525.00
Walnut Kernels (Guddhi) 500gm,750.00
Harlal'S Unique Almond -100G,180.00
Cashew Nuts (Kaju)- 1Kg,1820.00
Gopala Premium Makhana 250g,275.00
Dry Raisins (Green Kismis) 200g,130.00
Dry Black Date (Kalo Chokada) - 1KG,279.00
Peanuts 1kg,250.00
Combo Dry Fruits 800 gms,1310.00
Dried Green Raisin (Hareyo Dakh)- 500Gm,320.00
Almond Nuts (Badam)- 500Gm,745.00
