Title,Price
True Elements Berries Mix 30g - Mix of Cranberries & Blueberries  Healthy Snack  Berry Mix  Dried Berries,90.00
Sara Foods Brazil Nuts - 200gm,1050.00
Harlal-s Unique Pisatachios 100 gm,282.00
Combo Dry Fruits 800 gms,1310.00
Dry Black Date (Kalo Chokada) - 1KG,420.00
Bhumi Nepal Dried Cranberry-500 g,1200.00
Harlal'S Unique Almond -100G,180.00
Almond Nuts 500g,700.00
Walnut (Whole) 500gm,310.00
Cashew Nuts (Kaju)- 100Gm,180
Combo -Kaju 200 Gm Pista 200 Gm Badam 200 Gm Kismis 200 gm Okhar Gudi 200 Gm Packet,1799.00
Harlal's Unique Cashewnuts 200 gm,488.00
Pistachio (Pesta) 100g,225.00
Walnut 500g,330.00
Almond Nuts 100g,140.00
Almonds 500 gm,700.00
Makhana 500g,450.00
Wallnut 1 Kg  / Okhar / Fresh Walnut - 1kg,660.00
Walnut Kernels (Guddhi) 500gm,750.00
Walnut  Okhar - 1Kg,680.00
Roasted Dry Fruits  Pistachio  Pista  500Gm,1160.00
Dry Raisins (Green Kismis) 500g,325.00
Big Choice Cashew Nut Regular 500 gm,945.00
Dry Raisins (Green Kismis) 200g,130.00
Apricot Dry 250Gm / Khurpani 250 gm,340.00
Green Raisin Fresh 500Gm,290.00
Almond Nuts (Badam)- 1Kg,1650.00
Dates (White) 500gm,200.00
Fox Nuts (Makhana)- 250Gm,245
Makhana 250g,250.00
Dry Fig (Anjeer) 500g,1000.00
Peanuts 1kg,250.00
Cashew Nuts (Kaju)- 500Gm,865
Dry Fig (Anjeer) 200g,420.00
Walnut Kernels (Gudi) 100g,160.00
Gopala Premium Makhana 250g,275.00
Dry Red Raisin (Rato Dakh)- 500Gm,675
Makhana ( Fox Nuts) 250 gm,280.00
Soft Walnut / Okhar - 200Gm,200.00
Walnut 200g,140.00
